neck,sleeves,dress
crew_neckline,cap_sleeves,leopard ruffle hem dress
crew_neckline,short_sleeves,lace open back dress
boat_neckline,long_sleeves,dreams of blue dress
halter,sleeveless,yellow gathered waist sheath
sweetheart_neckline,cap_sleeves,black rory dress
high_neckline,long_sleeves,floral georgette dress
crew_neckline,short_sleeves,birds of prey dress
v_neckline,short_sleeves,lara leopard print dress
shirt_collar_neckline,short_sleeves,rolled sleeve shirtdress
v_neckline,short_sleeves,petula smock dress
v_neckline,short_sleeves,maia blouson dress
shirt_collar_neckline,three_quarter_sleeves,tea length shirtdress
square_neckline,sleeveless,lucy cutout midi dress
v_neckline,long_sleeves,palm amalya dress
crew_neckline,sleeveless,serpentine tank dress
turtleneck,long_sleeves,juela dress
crew_neckline,long_sleeves,rosetta tinsel dress
crew_neckline,long_sleeves,henley long sleeve dress
high_neckline,long_sleeves,velvet mini dress
v_neckline,short_sleeves,calie wrap dress
v_neckline,short_sleeves,ditsy floral wrap dress
v_neckline,long_sleeves,tie sleeve tunic dress
v_neckline,sleeveless,green handkerchief hem dress
square_neckline,sleeveless,paige sequin mesh dress
square_neckline,sleeveless,floral print satin midi dress
v_neckline,sleeveless,butterfly belted gown
high_neckline,short_sleeves,chessie mini dress
high_neckline,long_sleeves,wilmy shirtdress
high_neckline,long_sleeves,printed ruffle bow dress
shirt_collar_neckline,sleeveless,astrid trench dress
v_neckline,long_sleeves,nichola rosalyn dress
v_neckline,short_sleeves,dalissa dress
square_neckline,sleeveless,patrice draped satin dress
crew_neckline,long_sleeves,lilliana kettu dress
v_neckline,long_sleeves,marie blazer mini dress
v_neckline,short_sleeves,pink floral ruffle shift
high_neckline,long_sleeves,domino lotte dress
square_neckline,sleeveless,striped sleeveless cotton dress
off_shoulder_neckline,long_sleeves,circe twist mini dress
scoop_neckline,sleeveless,beckett sequin dress
shirt_collar_neckline,long_sleeves,camo bonnie dress
v_neckline,sleeveless,glitz gown
v_neckline,sleeveless,midnight glamour dress
v_neckline,sleeveless,dancing til daylight dress
v_neckline,long_sleeves,corey wrap dress
halter,sleeveless,yellow gathered waist sheath
high_neckline,long_sleeves,leopard ruffle hem dress
high_neckline,short_sleeves,lace open back dress
high_neckline,long_sleeves,dreams of blue dress
one_shoulder,sleeveless,miss mysterious gown
v_neckline,sleeveless,sequin garden dress
v_neckline,sleeveless,draped in gold dress
